ID	DOCULECT	LATITUDE	LONGITUDE	GLOTTOCODE	FAMILY	CONCEPT	FORM	TOKENS	SONARS	PROSTRINGS	CLASSES	LANGID	NUMBERS	WEIGHTS	IPA	DUPLICATES	COGID	ALIGNMENT
157	Miskito	15.1576	-84.2942	misk1235	Misumalpan	ANT	papu_satka_nani	p a p u + s a t k a + n a n i	1 7 1 7 9 3 7 1 1 7 9 4 7 4 7	AXBZ_AXMBZ_AXBZ	PAPY_SATKA_NANI	3	3.P.C 3.A.V 3.P.C 3.Y.V 3._._ 3.S.C 3.A.V 3.T.c 3.K.C 3.A.V 3._._ 3.N.C 3.A.V 3.N.C 3.I.V	2.0 1.5 1.75 0.8 0.0 2.0 1.5 1.1 1.75 0.8 0.0 2.0 1.5 1.75 0.8	papu+satka+nani	0	1	
9	Cacaopera	13.74	-88.11	caca1247	Misumalpan	ASH	wabu	w a b u	6 7 1 7	AXBZ	WAPY	1	1.W.C 1.A.V 1.P.C 1.Y.V	2.0 1.5 1.75 0.8	wabu	0	4	w a - b u -
61	Mayangna	14.13	-84.34	maya1285	Misumalpan	ASH	wan	w a n	6 7 4	AXN	WAN	2	2.W.C 2.A.V 2.N.c	2.0 1.5 0.8	wan	0	4	w a n - - -
113	Ulwa	12.93	-83.58	ulwa1239	Misumalpan	ASH	kauh	k a u h	1 7 7 3	AXYN	KAYH	4	4.K.C 4.A.V 4.Y.V 4.H.c	2.0 1.5 1.3 0.8	kauh	0	5	
158	Miskito	15.1576	-84.2942	misk1235	Misumalpan	ASH	yampus	j a m p u s	6 7 4 1 7 3	AXMBYN	JAMPYS	3	3.J.C 3.A.V 3.M.c 3.P.C 3.Y.V 3.S.c	2.0 1.5 1.1 1.75 1.3 0.8	jampus	0	4	j a m p u s
159	Miskito	15.1576	-84.2942	misk1235	Misumalpan	BACK	won_nina	w o n + n i n a	6 7 4 9 4 7 4 7	AXN_AXBZ	WUN_NINA	3	3.W.C 3.U.V 3.N.c 3._._ 3.N.C 3.I.V 3.N.C 3.A.V	2.0 1.5 0.8 0.0 2.0 1.5 1.75 0.8	won+nina	0	6	
18	Cacaopera	13.74	-88.11	caca1247	Misumalpan	BIG	bajaka	b a j a k a	1 7 6 7 1 7	AXBYBZ	PAJAKA	1	1.P.C 1.A.V 1.J.C 1.A.V 1.K.C 1.A.V	2.0 1.5 1.75 1.3 1.75 0.8	bajaka	0	7	
70	Mayangna	14.13	-84.34	maya1285	Misumalpan	BIG	nuhni	n u h n i	4 7 3 4 7	AXBCZ	NYHNI	2	2.N.C 2.Y.V 2.H.C 2.N.C 2.I.V	2.0 1.5 1.75 1.5 0.8	nuhni	0	8	
122	Ulwa	12.93	-83.58	ulwa1239	Misumalpan	BIG	sikka	s i k a	3 7 1 7	AXBZ	SIKA	4	4.S.C 4.I.V 4.K.C 4.A.V	2.0 1.5 1.75 0.8	sika	0	10	
160	Miskito	15.1576	-84.2942	misk1235	Misumalpan	BIG	tara	t a r a	1 7 5 7	AXBZ	TARA	3	3.T.C 3.A.V 3.R.C 3.A.V	2.0 1.5 1.75 0.8	tara	0	9	
3	Cacaopera	13.74	-88.11	caca1247	Misumalpan	BIRD	wasiri	w a s i r i	6 7 3 7 5 7	AXBYBZ	WASIRI	1	1.W.C 1.A.V 1.S.C 1.I.V 1.R.C 1.I.V	2.0 1.5 1.75 1.3 1.75 0.8	wasiri	0	11	
55	Mayangna	14.13	-84.34	maya1285	Misumalpan	BIRD	uhbin	u h b i n	7 3 1 7 4	XMBYN	YHPIN	2	2.Y.V 2.H.c 2.P.C 2.I.V 2.N.c	1.5 1.1 1.75 1.3 0.8	uhbin	0	12	
107	Ulwa	12.93	-83.58	ulwa1239	Misumalpan	BIRD	di: baka	d iː + b a k a	1 7 9 1 7 1 7	AX_AXBZ	TI_PAKA	4	4.T.C 4.I.V 4._._ 4.P.C 4.A.V 4.K.C 4.A.V	2.0 1.5 0.0 2.0 1.5 1.75 0.8	diː+baka	0	14	
161	Miskito	15.1576	-84.2942	misk1235	Misumalpan	BIRD	tnawira	t n a w i r a	1 4 7 6 7 5 7	ACXBYBZ	TNAWIRA	3	3.T.C 3.N.C 3.A.V 3.W.C 3.I.V 3.R.C 3.A.V	2.0 1.5 1.5 1.75 1.3 1.75 0.8	tnawira	0	13	
27	Cacaopera	13.74	-88.11	caca1247	Misumalpan	BITE	api	a p i	7 1 7	XBZ	API	1	1.A.V 1.P.C 1.I.V	1.5 1.75 0.8	api	0	15	
79	Mayangna	14.13	-84.34	maya1285	Misumalpan	BITE	kas	k a s	1 7 3	AXN	KAS	2	2.K.C 2.A.V 2.S.c	2.0 1.5 0.8	kas	1	16	k a s
131	Ulwa	12.93	-83.58	ulwa1239	Misumalpan	BITE	kas	k a s	1 7 3	AXN	KAS	4	4.K.C 4.A.V 4.S.c	2.0 1.5 0.8	kas	1	16	k a s
162	Miskito	15.1576	-84.2942	misk1235	Misumalpan	BITE	samaia	s a m a i a	3 7 4 7 7 7	AXBYYZ	SAMAIA	3	3.S.C 3.A.V 3.M.C 3.A.V 3.I.V 3.A.V	2.0 1.5 1.75 1.3 1.3 0.8	samaia	0	17	
163	Miskito	15.1576	-84.2942	misk1235	Misumalpan	BITTER	taxpla	t a x p l a	1 7 3 1 5 7	AXMBCZ	TAGPLA	3	3.T.C 3.A.V 3.G.c 3.P.C 3.L.C 3.A.V	2.0 1.5 1.1 1.75 1.5 0.8	taxpla	0	18	
29	Cacaopera	13.74	-88.11	caca1247	Misumalpan	BLACK	mulka	m u l k a	4 7 5 1 7	AXMBZ	MYLKA	1	1.M.C 1.Y.V 1.L.c 1.K.C 1.A.V	2.0 1.5 1.1 1.75 0.8	mulka	0	19	
81	Mayangna	14.13	-84.34	maya1285	Misumalpan	BLACK	sa:ni	s aː n i	3 7 4 7	AXBZ	SANI	2	2.S.C 2.A.V 2.N.C 2.I.V	2.0 1.5 1.75 0.8	saːni	0	20	
133	Ulwa	12.93	-83.58	ulwa1239	Misumalpan	BLACK	baraska	b a r a s k a	1 7 5 7 3 1 7	AXBYMBZ	PARASKA	4	4.P.C 4.A.V 4.R.C 4.A.V 4.S.c 4.K.C 4.A.V	2.0 1.5 1.75 1.3 1.1 1.75 0.8	baraska	0	22	
164	Miskito	15.1576	-84.2942	misk1235	Misumalpan	BLACK	siksa	s i k s a	3 7 1 3 7	AXBCZ	SIKSA	3	3.S.C 3.I.V 3.K.C 3.S.C 3.A.V	2.0 1.5 1.75 1.5 0.8	siksa	0	21	
43	Cacaopera	13.74	-88.11	caca1247	Misumalpan	BLOOD	aru	a r u	7 5 7	XBZ	ARY	1	1.A.V 1.R.C 1.Y.V	1.5 1.75 0.8	aru	0	23	
95	Mayangna	14.13	-84.34	maya1285	Misumalpan	BLOOD	a:	aː	7	X	A	2	2.A.V	1.5	aː	1	24	aː - - -
147	Ulwa	12.93	-83.58	ulwa1239	Misumalpan	BLOOD	a:was	aː w a s	7 6 7 3	XBYN	AWAS	4	4.A.V 4.W.C 4.A.V 4.S.c	1.5 1.75 1.3 0.8	aːwas	0	24	aː w a s
165	Miskito	15.1576	-84.2942	misk1235	Misumalpan	BLOOD	baxanak	b a x a n a k	1 7 3 7 4 7 1	AXBYBYN	PAGANAK	3	3.P.C 3.A.V 3.G.C 3.A.V 3.N.C 3.A.V 3.K.c	2.0 1.5 1.75 1.3 1.75 1.3 0.8	baxanak	0	25	
166	Miskito	15.1576	-84.2942	misk1235	Misumalpan	BLOW (OF WIND)	won_wiŋka_pubaia	w o n + w i ŋ k a + p u b a i a	6 7 4 9 6 7 4 1 7 9 1 7 1 7 7 7	AXN_AXMBZ_AXBYYZ	WUN_WINKA_PYPAIA	3	3.W.C 3.U.V 3.N.c 3._._ 3.W.C 3.I.V 3.N.c 3.K.C 3.A.V 3._._ 3.P.C 3.Y.V 3.P.C 3.A.V 3.I.V 3.A.V	2.0 1.5 0.8 0.0 2.0 1.5 1.1 1.75 0.8 0.0 2.0 1.5 1.75 1.3 1.3 0.8	won+wiŋka+pubaia	0	27	
21	Cacaopera	13.74	-88.11	caca1247	Misumalpan	BONE	naman	n a m a n	4 7 4 7 4	AXBYN	NAMAN	1	1.N.C 1.A.V 1.M.C 1.A.V 1.N.c	2.0 1.5 1.75 1.3 0.8	naman	0	28	
73	Mayangna	14.13	-84.34	maya1285	Misumalpan	BONE	wakal	w a k a l	6 7 1 7 5	AXBYN	WAKAL	2	2.W.C 2.A.V 2.K.C 2.A.V 2.L.c	2.0 1.5 1.75 1.3 0.8	wakal	0	29	w a k a l
125	Ulwa	12.93	-83.58	ulwa1239	Misumalpan	BONE	wakal	w a k a l	6 7 1 7 5	AXBYN	WAKAL	4	4.W.C 4.A.V 4.K.C 4.A.V 4.L.c	2.0 1.5 1.75 1.3 0.8	wakal	0	29	w a k a l
167	Miskito	15.1576	-84.2942	misk1235	Misumalpan	BONE	won_dusa	w o n + d u s a	6 7 4 9 1 7 3 7	AXN_AXBZ	WUN_TYSA	3	3.W.C 3.U.V 3.N.c 3._._ 3.T.C 3.Y.V 3.S.C 3.A.V	2.0 1.5 0.8 0.0 2.0 1.5 1.75 0.8	won+dusa	0	30	
44	Cacaopera	13.74	-88.11	caca1247	Misumalpan	BREAST	sum	s u m	3 7 4	AXN	SYM	1	1.S.C 1.Y.V 1.M.c	2.0 1.5 0.8	sum	0	31	
96	Mayangna	14.13	-84.34	maya1285	Misumalpan	BREAST	ta	t a	1 7	AX	TA	2	2.T.C 2.A.V	2.0 1.5	ta	0	32	t a
148	Ulwa	12.93	-83.58	ulwa1239	Misumalpan	BREAST	ta	t a	1 7	AX	TA	4	4.T.C 4.A.V	2.0 1.5	ta	0	32	t a
168	Miskito	15.1576	-84.2942	misk1235	Misumalpan	BREAST	won_tialka	w o n + t i a l k a	6 7 4 9 1 7 7 5 1 7	AXN_AXYMBZ	WUN_TIALKA	3	3.W.C 3.U.V 3.N.c 3._._ 3.T.C 3.I.V 3.A.V 3.L.c 3.K.C 3.A.V	2.0 1.5 0.8 0.0 2.0 1.5 1.3 1.1 1.75 0.8	won+tialka	0	33	
169	Miskito	15.1576	-84.2942	misk1235	Misumalpan	CARRY	briwaia	b r i w a i a	1 5 7 6 7 7 7	ACXBYYZ	PRIWAIA	3	3.P.C 3.R.C 3.I.V 3.W.C 3.A.V 3.I.V 3.A.V	2.0 1.5 1.5 1.75 1.3 1.3 0.8	briwaia	0	34	
48	Cacaopera	13.74	-88.11	caca1247	Misumalpan	COME	ajra	a j r a	7 6 5 7	XMBZ	AJRA	1	1.A.V 1.J.c 1.R.C 1.A.V	1.5 1.1 1.75 0.8	ajra	0	36	a j r a
100	Mayangna	14.13	-84.34	maya1285	Misumalpan	COME	ajwa	a j w a	7 6 6 7	XMBZ	AJWA	2	2.A.V 2.J.c 2.W.C 2.A.V	1.5 1.1 1.75 0.8	ajwa	0	36	a j w a
152	Ulwa	12.93	-83.58	ulwa1239	Misumalpan	COME	ajwa	a j w a	7 6 6 7	XMBZ	AJWA	4	4.A.V 4.J.c 4.W.C 4.A.V	1.5 1.1 1.75 0.8	ajwa	0	36	a j w a
170	Miskito	15.1576	-84.2942	misk1235	Misumalpan	COME	balaia	b a l a i a	1 7 5 7 7 7	AXBYYZ	PALAIA	3	3.P.C 3.A.V 3.L.C 3.A.V 3.I.V 3.A.V	2.0 1.5 1.75 1.3 1.3 0.8	balaia	0	37	
26	Cacaopera	13.74	-88.11	caca1247	Misumalpan	CRY	walwa	w a l w a	6 7 5 6 7	AXBCZ	WALWA	1	1.W.C 1.A.V 1.L.C 1.W.C 1.A.V	2.0 1.5 1.75 1.5 0.8	walwa	0	38	
78	Mayangna	14.13	-84.34	maya1285	Misumalpan	CRY	ajdi	a j d i	7 6 1 7	XMBZ	AJTI	2	2.A.V 2.J.c 2.T.C 2.I.V	1.5 1.1 1.75 0.8	ajdi	0	39	a j d i
130	Ulwa	12.93	-83.58	ulwa1239	Misumalpan	CRY	ajda	a j d a	7 6 1 7	XMBZ	AJTA	4	4.A.V 4.J.c 4.T.C 4.A.V	1.5 1.1 1.75 0.8	ajda	0	39	a j d a
171	Miskito	15.1576	-84.2942	misk1235	Misumalpan	CRY	inaia	i n a i a	7 4 7 7 7	XBYYZ	INAIA	3	3.I.V 3.N.C 3.A.V 3.I.V 3.A.V	1.5 1.75 1.3 1.3 0.8	inaia	0	40	
36	Cacaopera	13.74	-88.11	caca1247	Misumalpan	DOG	alu	a l u	7 5 7	XBZ	ALY	1	1.A.V 1.L.C 1.Y.V	1.5 1.75 0.8	alu	0	42	- a l u
88	Mayangna	14.13	-84.34	maya1285	Misumalpan	DOG	sulu	s u l u	3 7 5 7	AXBZ	SYLY	2	2.S.C 2.Y.V 2.L.C 2.Y.V	2.0 1.5 1.75 0.8	sulu	0	42	s u l u
140	Ulwa	12.93	-83.58	ulwa1239	Misumalpan	DOG	sulu	s u l u	3 7 5 7	AXBZ	SYLY	4	4.S.C 4.Y.V 4.L.C 4.Y.V	2.0 1.5 1.75 0.8	sulu	0	42	s u l u
4	Cacaopera	13.74	-88.11	caca1247	Misumalpan	DRINK	dipa	d i p a	1 7 1 7	AXBZ	TIPA	1	1.T.C 1.I.V 1.P.C 1.A.V	2.0 1.5 1.75 0.8	dipa	0	43	d i p - a
56	Mayangna	14.13	-84.34	maya1285	Misumalpan	DRINK	di	d i	1 7	AX	TI	2	2.T.C 2.I.V	2.0 1.5	di	0	43	d i - - -
108	Ulwa	12.93	-83.58	ulwa1239	Misumalpan	DRINK	di	d i	1 7	AX	TI	4	4.T.C 4.I.V	2.0 1.5	di	0	43	d i - - -
172	Miskito	15.1576	-84.2942	misk1235	Misumalpan	DRINK	diaia	d i a i a	1 7 7 7 7	AXYYZ	TIAIA	3	3.T.C 3.I.V 3.A.V 3.I.V 3.A.V	2.0 1.5 1.3 1.3 0.8	diaia	0	43	d i a i a
34	Cacaopera	13.74	-88.11	caca1247	Misumalpan	EAR	tupa	t u p a	1 7 1 7	AXBZ	TYPA	1	1.T.C 1.Y.V 1.P.C 1.A.V	2.0 1.5 1.75 0.8	tupa	0	45	t u p a
86	Mayangna	14.13	-84.34	maya1285	Misumalpan	EAR	tapa	t a p a	1 7 1 7	AXBZ	TAPA	2	2.T.C 2.A.V 2.P.C 2.A.V	2.0 1.5 1.75 0.8	tapa	0	45	t a p a
138	Ulwa	12.93	-83.58	ulwa1239	Misumalpan	EAR	tapa	t a p a	1 7 1 7	AXBZ	TAPA	4	4.T.C 4.A.V 4.P.C 4.A.V	2.0 1.5 1.75 0.8	tapa	0	45	t a p a
173	Miskito	15.1576	-84.2942	misk1235	Misumalpan	EAR	won_kiama	w o n + k i a m a	6 7 4 9 1 7 7 4 7	AXN_AXYBZ	WUN_KIAMA	3	3.W.C 3.U.V 3.N.c 3._._ 3.K.C 3.I.V 3.A.V 3.M.C 3.A.V	2.0 1.5 0.8 0.0 2.0 1.5 1.3 1.75 0.8	won+kiama	0	46	
45	Cacaopera	13.74	-88.11	caca1247	Misumalpan	EARTH (SOIL)	duru	d u r u	1 7 5 7	AXBZ	TYRY	1	1.T.C 1.Y.V 1.R.C 1.Y.V	2.0 1.5 1.75 0.8	duru	0	47	
97	Mayangna	14.13	-84.34	maya1285	Misumalpan	EARTH (SOIL)	saw	s a w	3 7 6	AXN	SAW	2	2.S.C 2.A.V 2.W.c	2.0 1.5 0.8	saw	0	48	s a w
149	Ulwa	12.93	-83.58	ulwa1239	Misumalpan	EARTH (SOIL)	saw	s a w	3 7 6	AXN	SAW	4	4.S.C 4.A.V 4.W.c	2.0 1.5 0.8	saw	0	48	s a w
174	Miskito	15.1576	-84.2942	misk1235	Misumalpan	EARTH (SOIL)	tasba	t a s b a	1 7 3 1 7	AXMBZ	TASPA	3	3.T.C 3.A.V 3.S.c 3.P.C 3.A.V	2.0 1.5 1.1 1.75 0.8	tasba	0	49	
11	Cacaopera	13.74	-88.11	caca1247	Misumalpan	EAT	duri	d u r i	1 7 5 7	AXBZ	TYRI	1	1.T.C 1.Y.V 1.R.C 1.I.V	2.0 1.5 1.75 0.8	duri	0	50	
63	Mayangna	14.13	-84.34	maya1285	Misumalpan	EAT	kas	k a s	1 7 3	AXN	KAS	2	2.K.C 2.A.V 2.S.c	2.0 1.5 0.8	kas	0	51	k a s
115	Ulwa	12.93	-83.58	ulwa1239	Misumalpan	EAT	kas	k a s	1 7 3	AXN	KAS	4	4.K.C 4.A.V 4.S.c	2.0 1.5 0.8	kas	0	51	k a s
175	Miskito	15.1576	-84.2942	misk1235	Misumalpan	EAT	piaia	p i a i a	1 7 7 7 7	AXYYZ	PIAIA	3	3.P.C 3.I.V 3.A.V 3.I.V 3.A.V	2.0 1.5 1.3 1.3 0.8	piaia	0	52	
176	Miskito	15.1576	-84.2942	misk1235	Misumalpan	EGG	mabra	m a b r a	4 7 1 5 7	AXBCZ	MAPRA	3	3.M.C 3.A.V 3.P.C 3.R.C 3.A.V	2.0 1.5 1.75 1.5 0.8	mabra	0	53	
33	Cacaopera	13.74	-88.11	caca1247	Misumalpan	EYE	kunn	k u n	1 7 4	AXN	KYN	1	1.K.C 1.Y.V 1.N.c	2.0 1.5 0.8	kun	0	54	
85	Mayangna	14.13	-84.34	maya1285	Misumalpan	EYE	makpa	m a k p a	4 7 1 1 7	AXMBZ	MAKPA	2	2.M.C 2.A.V 2.K.c 2.P.C 2.A.V	2.0 1.5 1.1 1.75 0.8	makpa	0	55	m a k p a - -
137	Ulwa	12.93	-83.58	ulwa1239	Misumalpan	EYE	makdaka	m a k d a k a	4 7 1 1 7 1 7	AXMBYBZ	MAKTAKA	4	4.M.C 4.A.V 4.K.c 4.T.C 4.A.V 4.K.C 4.A.V	2.0 1.5 1.1 1.75 1.3 1.75 0.8	makdaka	0	55	m a k d a k a
177	Miskito	15.1576	-84.2942	misk1235	Misumalpan	EYE	won_nakra	w o n + n a k r a	6 7 4 9 4 7 1 5 7	AXN_AXBCZ	WUN_NAKRA	3	3.W.C 3.U.V 3.N.c 3._._ 3.N.C 3.A.V 3.K.C 3.R.C 3.A.V	2.0 1.5 0.8 0.0 2.0 1.5 1.75 1.5 0.8	won+nakra	0	56	
8	Cacaopera	13.74	-88.11	caca1247	Misumalpan	FALL	winwa'jam	w i n w a j a m	6 7 4 6 7 6 7 4	AXBCYBYN	WINWAJAM	1	1.W.C 1.I.V 1.N.C 1.W.C 1.A.V 1.J.C 1.A.V 1.M.c	2.0 1.5 1.75 1.5 1.3 1.75 1.3 0.8	winwajam	0	57	
60	Mayangna	14.13	-84.34	maya1285	Misumalpan	FALL	buk	b u k	1 7 1	AXN	PYK	2	2.P.C 2.Y.V 2.K.c	2.0 1.5 0.8	buk	0	58	
112	Ulwa	12.93	-83.58	ulwa1239	Misumalpan	FALL	wauhda	w a u h d a	6 7 7 3 1 7	AXYMBZ	WAYHTA	4	4.W.C 4.A.V 4.Y.V 4.H.c 4.T.C 4.A.V	2.0 1.5 1.3 1.1 1.75 0.8	wauhda	0	60	
178	Miskito	15.1576	-84.2942	misk1235	Misumalpan	FALL	kauxaia	k a u x a i a	1 7 7 3 7 7 7	AXYBYYZ	KAYGAIA	3	3.K.C 3.A.V 3.Y.V 3.G.C 3.A.V 3.I.V 3.A.V	2.0 1.5 1.3 1.75 1.3 1.3 0.8	kauxaia	0	59	
24	Cacaopera	13.74	-88.11	caca1247	Misumalpan	FAR	ataptika	a t a p t i k a	7 1 7 1 1 7 1 7	XBYMBYBZ	ATAPTIKA	1	1.A.V 1.T.C 1.A.V 1.P.c 1.T.C 1.I.V 1.K.C 1.A.V	1.5 1.75 1.3 1.1 1.75 1.3 1.75 0.8	ataptika	0	61	
76	Mayangna	14.13	-84.34	maya1285	Misumalpan	FAR	nai	n a i	4 7 7	AXZ	NAI	2	2.N.C 2.A.V 2.I.V	2.0 1.5 0.8	nai	0	64	n a i
128	Ulwa	12.93	-83.58	ulwa1239	Misumalpan	FAR	bai	b a i	1 7 7	AXZ	PAI	4	4.P.C 4.A.V 4.I.V	2.0 1.5 0.8	bai	0	64	b a i
179	Miskito	15.1576	-84.2942	misk1235	Misumalpan	FAR	laiura	l a i u r a	5 7 7 7 5 7	AXYYBZ	LAIYRA	3	3.L.C 3.A.V 3.I.V 3.Y.V 3.R.C 3.A.V	2.0 1.5 1.3 1.3 1.75 0.8	laiura	0	63	
17	Cacaopera	13.74	-88.11	caca1247	Misumalpan	FIRE	lawali	l a w a l i	5 7 6 7 5 7	AXBYBZ	LAWALI	1	1.L.C 1.A.V 1.W.C 1.A.V 1.L.C 1.I.V	2.0 1.5 1.75 1.3 1.75 0.8	lawali	0	65	
69	Mayangna	14.13	-84.34	maya1285	Misumalpan	FIRE	kuh	k u h	1 7 3	AXN	KYH	2	2.K.C 2.Y.V 2.H.c	2.0 1.5 0.8	kuh	0	66	k u h
121	Ulwa	12.93	-83.58	ulwa1239	Misumalpan	FIRE	kuh	k u h	1 7 3	AXN	KYH	4	4.K.C 4.Y.V 4.H.c	2.0 1.5 0.8	kuh	0	66	k u h
180	Miskito	15.1576	-84.2942	misk1235	Misumalpan	FIRE	pauta	p a u t a	1 7 7 1 7	AXYBZ	PAYTA	3	3.P.C 3.A.V 3.Y.V 3.T.C 3.A.V	2.0 1.5 1.3 1.75 0.8	pauta	0	67	
38	Cacaopera	13.74	-88.11	caca1247	Misumalpan	FISH	jal	j a l	6 7 5	AXN	JAL	1	1.J.C 1.A.V 1.L.c	2.0 1.5 0.8	jal	0	68	
90	Mayangna	14.13	-84.34	maya1285	Misumalpan	FISH	was padini	w a s + p a d i n i	6 7 3 9 1 7 1 7 4 7	AXN_AXBYBZ	WAS_PATINI	2	2.W.C 2.A.V 2.S.c 2._._ 2.P.C 2.A.V 2.T.C 2.I.V 2.N.C 2.I.V	2.0 1.5 0.8 0.0 2.0 1.5 1.75 1.3 1.75 0.8	was+padini	0	69	w a s + p a d i n i
142	Ulwa	12.93	-83.58	ulwa1239	Misumalpan	FISH	was padika	w a s + p a d i k a	6 7 3 9 1 7 1 7 1 7	AXN_AXBYBZ	WAS_PATIKA	4	4.W.C 4.A.V 4.S.c 4._._ 4.P.C 4.A.V 4.T.C 4.I.V 4.K.C 4.A.V	2.0 1.5 0.8 0.0 2.0 1.5 1.75 1.3 1.75 0.8	was+padika	0	69	w a s + p a d i k a
181	Miskito	15.1576	-84.2942	misk1235	Misumalpan	FISH	inska	i n s k a	7 4 3 1 7	XLMBZ	INSKA	3	3.I.V 3.N.c 3.S.c 3.K.C 3.A.V	1.5 1.1 1.1 1.75 0.8	inska	0	70	
182	Miskito	15.1576	-84.2942	misk1235	Misumalpan	FLY (INSECT)	palaia	p a l a i a	1 7 5 7 7 7	AXBYYZ	PALAIA	3	3.P.C 3.A.V 3.L.C 3.A.V 3.I.V 3.A.V	2.0 1.5 1.75 1.3 1.3 0.8	palaia	0	71	
13	Cacaopera	13.74	-88.11	caca1247	Misumalpan	GIVE	a	a	7	X	A	1	1.A.V	1.5	a	0	72	a
65	Mayangna	14.13	-84.34	maya1285	Misumalpan	GIVE	a:	aː	7	X	A	2	2.A.V	1.5	aː	0	72	aː
117	Ulwa	12.93	-83.58	ulwa1239	Misumalpan	GIVE	a:	aː	7	X	A	4	4.A.V	1.5	aː	0	72	aː
183	Miskito	15.1576	-84.2942	misk1235	Misumalpan	GIVE	yabaia	j a b a i a	6 7 1 7 7 7	AXBYYZ	JAPAIA	3	3.J.C 3.A.V 3.P.C 3.A.V 3.I.V 3.A.V	2.0 1.5 1.75 1.3 1.3 0.8	jabaia	0	73	
184	Miskito	15.1576	-84.2942	misk1235	Misumalpan	GO	waia	w a i a	6 7 7 7	AXYZ	WAIA	3	3.W.C 3.A.V 3.I.V 3.A.V	2.0 1.5 1.3 0.8	waia	0	74	
6	Cacaopera	13.74	-88.11	caca1247	Misumalpan	GOOD	kua	k u a	1 7 7	AXZ	KYA	1	1.K.C 1.Y.V 1.A.V	2.0 1.5 0.8	kua	0	75	
58	Mayangna	14.13	-84.34	maya1285	Misumalpan	GOOD	jamni	j a m n i	6 7 4 4 7	AXMBZ	JAMNI	2	2.J.C 2.A.V 2.M.c 2.N.C 2.I.V	2.0 1.5 1.1 1.75 0.8	jamni	0	76	j a m ( n i )
110	Ulwa	12.93	-83.58	ulwa1239	Misumalpan	GOOD	jamka	j a m k a	6 7 4 1 7	AXMBZ	JAMKA	4	4.J.C 4.A.V 4.M.c 4.K.C 4.A.V	2.0 1.5 1.1 1.75 0.8	jamka	0	76	j a m ( k a )
185	Miskito	15.1576	-84.2942	misk1235	Misumalpan	GOOD	yamni	j a m n i	6 7 4 4 7	AXMBZ	JAMNI	3	3.J.C 3.A.V 3.M.c 3.N.C 3.I.V	2.0 1.5 1.1 1.75 0.8	jamni	0	76	j a m ( n i )
7	Cacaopera	13.74	-88.11	caca1247	Misumalpan	HAIR	kili	k i l i	1 7 5 7	AXBZ	KILI	1	1.K.C 1.I.V 1.L.C 1.I.V	2.0 1.5 1.75 0.8	kili	0	78	
59	Mayangna	14.13	-84.34	maya1285	Misumalpan	HAIR	bas	b a s	1 7 3	AXN	PAS	2	2.P.C 2.A.V 2.S.c	2.0 1.5 0.8	bas	0	79	
111	Ulwa	12.93	-83.58	ulwa1239	Misumalpan	HAIR	bas	b a s	1 7 3	AXN	PAS	4	4.P.C 4.A.V 4.S.c	2.0 1.5 0.8	bas	0	79	
186	Miskito	15.1576	-84.2942	misk1235	Misumalpan	HAIR	won_tawa	w o n + t a w a	6 7 4 9 1 7 6 7	AXN_AXBZ	WUN_TAWA	3	3.W.C 3.U.V 3.N.c 3._._ 3.T.C 3.A.V 3.W.C 3.A.V	2.0 1.5 0.8 0.0 2.0 1.5 1.75 0.8	won+tawa	0	80	
187	Miskito	15.1576	-84.2942	misk1235	Misumalpan	HARD	karna	k a r n a	1 7 5 4 7	AXMBZ	KARNA	3	3.K.C 3.A.V 3.R.c 3.N.C 3.A.V	2.0 1.5 1.1 1.75 0.8	karna	0	81	
188	Miskito	15.1576	-84.2942	misk1235	Misumalpan	HE OR SHE OR IT	witin	w i t i n	6 7 1 7 4	AXBYN	WITIN	3	3.W.C 3.I.V 3.T.C 3.I.V 3.N.c	2.0 1.5 1.75 1.3 0.8	witin	0	82	
32	Cacaopera	13.74	-88.11	caca1247	Misumalpan	HEAR	ara	a r a	7 5 7	XBZ	ARA	1	1.A.V 1.R.C 1.A.V	1.5 1.75 0.8	ara	0	84	- a ( r ) a
84	Mayangna	14.13	-84.34	maya1285	Misumalpan	HEAR	daka	d a k a	1 7 1 7	AXBZ	TAKA	2	2.T.C 2.A.V 2.K.C 2.A.V	2.0 1.5 1.75 0.8	daka	0	84	d a ( k ) a
136	Ulwa	12.93	-83.58	ulwa1239	Misumalpan	HEAR	daka	d a k a	1 7 1 7	AXBZ	TAKA	4	4.T.C 4.A.V 4.K.C 4.A.V	2.0 1.5 1.75 0.8	daka	0	84	d a ( k ) a
189	Miskito	15.1576	-84.2942	misk1235	Misumalpan	HEAR	walaia	w a l a i a	6 7 5 7 7 7	AXBYYZ	WALAIA	3	3.W.C 3.A.V 3.L.C 3.A.V 3.I.V 3.A.V	2.0 1.5 1.75 1.3 1.3 0.8	walaia	0	85	
37	Cacaopera	13.74	-88.11	caca1247	Misumalpan	HEAVY	wim	w i m	6 7 4	AXN	WIM	1	1.W.C 1.I.V 1.M.c	2.0 1.5 0.8	wim	0	88	
89	Mayangna	14.13	-84.34	maya1285	Misumalpan	HEAVY	tihni	t i h n i	1 7 3 4 7	AXBCZ	TIHNI	2	2.T.C 2.I.V 2.H.C 2.N.C 2.I.V	2.0 1.5 1.75 1.5 0.8	tihni	0	89	t i h n i
141	Ulwa	12.93	-83.58	ulwa1239	Misumalpan	HEAVY	ti:ka	t iː k a	1 7 1 7	AXBZ	TIKA	4	4.T.C 4.I.V 4.K.C 4.A.V	2.0 1.5 1.75 0.8	tiːka	0	89	t iː k - a
190	Miskito	15.1576	-84.2942	misk1235	Misumalpan	HEAVY	wira	w i r a	6 7 5 7	AXBZ	WIRA	3	3.W.C 3.I.V 3.R.C 3.A.V	2.0 1.5 1.75 0.8	wira	0	88	
191	Miskito	15.1576	-84.2942	misk1235	Misumalpan	HIDE	yukukaia	j u k u k a i a	6 7 1 7 1 7 7 7	AXBYBYYZ	JYKYKAIA	3	3.J.C 3.Y.V 3.K.C 3.Y.V 3.K.C 3.A.V 3.I.V 3.A.V	2.0 1.5 1.75 1.3 1.75 1.3 1.3 0.8	jukukaia	0	90	
192	Miskito	15.1576	-84.2942	misk1235	Misumalpan	HORN (ANATOMY)	won_w_ina_man	w o n + w + i n a + m a n	6 7 4 9 6 9 7 4 7 9 4 7 4	AXN_A_XBZ_AXN	WUN_W_INA_MAN	3	3.W.C 3.U.V 3.N.c 3._._ 3.W.C 3._._ 3.I.V 3.N.C 3.A.V 3._._ 3.M.C 3.A.V 3.N.c	2.0 1.5 0.8 0.0 2.0 0.0 1.5 1.75 0.8 0.0 2.0 1.5 0.8	won+w+ina+man	0	91	
193	Miskito	15.1576	-84.2942	misk1235	Misumalpan	HOUSE	utla	u t l a	7 1 5 7	XBCZ	YTLA	3	3.Y.V 3.T.C 3.L.C 3.A.V	1.5 1.75 1.5 0.8	utla	0	92	
52	Cacaopera	13.74	-88.11	caca1247	Misumalpan	I	jami	j a m i	6 7 4 7	AXBZ	JAMI	1	1.J.C 1.A.V 1.M.C 1.I.V	2.0 1.5 1.75 0.8	jami	0	93	
104	Mayangna	14.13	-84.34	maya1285	Misumalpan	I	jaŋ	j a ŋ	6 7 4	AXN	JAN	2	2.J.C 2.A.V 2.N.c	2.0 1.5 0.8	jaŋ	0	94	
156	Ulwa	12.93	-83.58	ulwa1239	Misumalpan	I	jaŋ	j a ŋ	6 7 4	AXN	JAN	4	4.J.C 4.A.V 4.N.c	2.0 1.5 0.8	jaŋ	0	94	
194	Miskito	15.1576	-84.2942	misk1235	Misumalpan	I	yaŋ	j a ŋ	6 7 4	AXN	JAN	3	3.J.C 3.A.V 3.N.c	2.0 1.5 0.8	jaŋ	0	94	
195	Miskito	15.1576	-84.2942	misk1235	Misumalpan	IN	ra	r a	5 7	AX	RA	3	3.R.C 3.A.V	2.0 1.5	ra	0	95	
196	Miskito	15.1576	-84.2942	misk1235	Misumalpan	KNEE	won_lula	w o n + l u l a	6 7 4 9 5 7 5 7	AXN_AXBZ	WUN_LYLA	3	3.W.C 3.U.V 3.N.c 3._._ 3.L.C 3.Y.V 3.L.C 3.A.V	2.0 1.5 0.8 0.0 2.0 1.5 1.75 0.8	won+lula	0	96	
197	Miskito	15.1576	-84.2942	misk1235	Misumalpan	KNOW	kraikaia	k r a i k a i a	1 5 7 7 1 7 7 7	ACXYBYYZ	KRAIKAIA	3	3.K.C 3.R.C 3.A.V 3.I.V 3.K.C 3.A.V 3.I.V 3.A.V	2.0 1.5 1.5 1.3 1.75 1.3 1.3 0.8	kraikaia	0	97	
40	Cacaopera	13.74	-88.11	caca1247	Misumalpan	LAUGH	isnawa	i s n a w a	7 3 4 7 6 7	XBCYBZ	ISNAWA	1	1.I.V 1.S.C 1.N.C 1.A.V 1.W.C 1.A.V	1.5 1.75 1.5 1.3 1.75 0.8	isnawa	0	98	
92	Mayangna	14.13	-84.34	maya1285	Misumalpan	LAUGH	aɾa	a ɾ a	7 5 7	XBZ	ARA	2	2.A.V 2.R.C 2.A.V	1.5 1.75 0.8	aɾa	0	99	
144	Ulwa	12.93	-83.58	ulwa1239	Misumalpan	LAUGH	kawaɾa	k a w a ɾ a	1 7 6 7 5 7	AXBYBZ	KAWARA	4	4.K.C 4.A.V 4.W.C 4.A.V 4.R.C 4.A.V	2.0 1.5 1.75 1.3 1.75 0.8	kawaɾa	0	101	
198	Miskito	15.1576	-84.2942	misk1235	Misumalpan	LAUGH	kikaia	k i k a i a	1 7 1 7 7 7	AXBYYZ	KIKAIA	3	3.K.C 3.I.V 3.K.C 3.A.V 3.I.V 3.A.V	2.0 1.5 1.75 1.3 1.3 0.8	kikaia	0	100	
20	Cacaopera	13.74	-88.11	caca1247	Misumalpan	LEAF	taka	t a k a	1 7 1 7	AXBZ	TAKA	1	1.T.C 1.A.V 1.K.C 1.A.V	2.0 1.5 1.75 0.8	taka	0	102	
72	Mayangna	14.13	-84.34	maya1285	Misumalpan	LEAF	bas	b a s	1 7 3	AXN	PAS	2	2.P.C 2.A.V 2.S.c	2.0 1.5 0.8	bas	1	103	
124	Ulwa	12.93	-83.58	ulwa1239	Misumalpan	LEAF	bas	b a s	1 7 3	AXN	PAS	4	4.P.C 4.A.V 4.S.c	2.0 1.5 0.8	bas	1	103	
199	Miskito	15.1576	-84.2942	misk1235	Misumalpan	LEAF	waxya	w a x j a	6 7 3 6 7	AXBCZ	WAGJA	3	3.W.C 3.A.V 3.G.C 3.J.C 3.A.V	2.0 1.5 1.75 1.5 0.8	waxja	0	104	
19	Cacaopera	13.74	-88.11	caca1247	Misumalpan	LIVER	kawa	k a w a	1 7 6 7	AXBZ	KAWA	1	1.K.C 1.A.V 1.W.C 1.A.V	2.0 1.5 1.75 0.8	kawa	0	105	
71	Mayangna	14.13	-84.34	maya1285	Misumalpan	LIVER	isiŋ	i s i ŋ	7 3 7 4	XBYN	ISIN	2	2.I.V 2.S.C 2.I.V 2.N.c	1.5 1.75 1.3 0.8	isiŋ	0	106	
123	Ulwa	12.93	-83.58	ulwa1239	Misumalpan	LIVER	asuŋ	a s u ŋ	7 3 7 4	XBYN	ASYN	4	4.A.V 4.S.C 4.Y.V 4.N.c	1.5 1.75 1.3 0.8	asuŋ	0	106	
201	Miskito	15.1576	-84.2942	misk1235	Misumalpan	LIVER	won_auya	w o n + a u j a	6 7 4 9 7 7 6 7	AXN_XYBZ	WUN_AYJA	3	3.W.C 3.U.V 3.N.c 3._._ 3.A.V 3.Y.V 3.J.C 3.A.V	2.0 1.5 0.8 0.0 1.5 1.3 1.75 0.8	won+auja	0	107	
23	Cacaopera	13.74	-88.11	caca1247	Misumalpan	LONG	wisnika	w i s n i k a	6 7 3 4 7 1 7	AXBCYBZ	WISNIKA	1	1.W.C 1.I.V 1.S.C 1.N.C 1.I.V 1.K.C 1.A.V	2.0 1.5 1.75 1.5 1.3 1.75 0.8	wisnika	0	110	
75	Mayangna	14.13	-84.34	maya1285	Misumalpan	LONG	najni	n a j n i	4 7 6 4 7	AXMBZ	NAJNI	2	2.N.C 2.A.V 2.J.c 2.N.C 2.I.V	2.0 1.5 1.1 1.75 0.8	najni	0	109	
127	Ulwa	12.93	-83.58	ulwa1239	Misumalpan	LONG	juhka	j u h k a	6 7 3 1 7	AXMBZ	JYHKA	4	4.J.C 4.Y.V 4.H.c 4.K.C 4.A.V	2.0 1.5 1.1 1.75 0.8	juhka	0	111	
202	Miskito	15.1576	-84.2942	misk1235	Misumalpan	LONG	yarika	j a r i k a	6 7 5 7 1 7	AXBYBZ	JARIKA	3	3.J.C 3.A.V 3.R.C 3.I.V 3.K.C 3.A.V	2.0 1.5 1.75 1.3 1.75 0.8	jarika	0	110	
203	Miskito	15.1576	-84.2942	misk1235	Misumalpan	LOUSE	kxua	k x u a	1 3 7 7	ACXZ	KGYA	3	3.K.C 3.G.C 3.Y.V 3.A.V	2.0 1.5 1.5 0.8	kxua	0	112	
5	Cacaopera	13.74	-88.11	caca1247	Misumalpan	MOUTH	tawa	t a w a	1 7 6 7	AXBZ	TAWA	1	1.T.C 1.A.V 1.W.C 1.A.V	2.0 1.5 1.75 0.8	tawa	0	113	
57	Mayangna	14.13	-84.34	maya1285	Misumalpan	MOUTH	tapas	t a p a s	1 7 1 7 3	AXBYN	TAPAS	2	2.T.C 2.A.V 2.P.C 2.A.V 2.S.c	2.0 1.5 1.75 1.3 0.8	tapas	0	114	
109	Ulwa	12.93	-83.58	ulwa1239	Misumalpan	MOUTH	tapas	t a p a s	1 7 1 7 3	AXBYN	TAPAS	4	4.T.C 4.A.V 4.P.C 4.A.V 4.S.c	2.0 1.5 1.75 1.3 0.8	tapas	0	114	
204	Miskito	15.1576	-84.2942	misk1235	Misumalpan	MOUTH	won_bila	w o n + b i l a	6 7 4 9 1 7 5 7	AXN_AXBZ	WUN_PILA	3	3.W.C 3.U.V 3.N.c 3._._ 3.P.C 3.I.V 3.L.C 3.A.V	2.0 1.5 0.8 0.0 2.0 1.5 1.75 0.8	won+bila	0	115	
205	Miskito	15.1576	-84.2942	misk1235	Misumalpan	NAME	nina	n i n a	4 7 4 7	AXBZ	NINA	3	3.N.C 3.I.V 3.N.C 3.A.V	2.0 1.5 1.75 0.8	nina	0	116	
206	Miskito	15.1576	-84.2942	misk1235	Misumalpan	NAVEL	won_klua	w o n + k l u a	6 7 4 9 1 5 7 7	AXN_ACXZ	WUN_KLYA	3	3.W.C 3.U.V 3.N.c 3._._ 3.K.C 3.L.C 3.Y.V 3.A.V	2.0 1.5 0.8 0.0 2.0 1.5 1.5 0.8	won+klua	0	117	
12	Cacaopera	13.74	-88.11	caca1247	Misumalpan	NECK	tsaw	t s a w	1 3 7 6	ACXN	TSAW	1	1.T.C 1.S.C 1.A.V 1.W.c	2.0 1.5 1.5 0.8	tsaw	0	118	
64	Mayangna	14.13	-84.34	maya1285	Misumalpan	NECK	dimak	d i m a k	1 7 4 7 1	AXBYN	TIMAK	2	2.T.C 2.I.V 2.M.C 2.A.V 2.K.c	2.0 1.5 1.75 1.3 0.8	dimak	0	119	
116	Ulwa	12.93	-83.58	ulwa1239	Misumalpan	NECK	ma:mak	m aː m a k	4 7 4 7 1	AXBYN	MAMAK	4	4.M.C 4.A.V 4.M.C 4.A.V 4.K.c	2.0 1.5 1.75 1.3 0.8	maːmak	0	119	
207	Miskito	15.1576	-84.2942	misk1235	Misumalpan	NECK	won_nana	w o n + n a n a	6 7 4 9 4 7 4 7	AXN_AXBZ	WUN_NANA	3	3.W.C 3.U.V 3.N.c 3._._ 3.N.C 3.A.V 3.N.C 3.A.V	2.0 1.5 0.8 0.0 2.0 1.5 1.75 0.8	won+nana	0	120	
31	Cacaopera	13.74	-88.11	caca1247	Misumalpan	NEW	misinan	m i s i n a n	4 7 3 7 4 7 4	AXBYBYN	MISINAN	1	1.M.C 1.I.V 1.S.C 1.I.V 1.N.C 1.A.V 1.N.c	2.0 1.5 1.75 1.3 1.75 1.3 0.8	misinan	0	121	
83	Mayangna	14.13	-84.34	maya1285	Misumalpan	NEW	wisam	w i s a m	6 7 3 7 4	AXBYN	WISAM	2	2.W.C 2.I.V 2.S.C 2.A.V 2.M.c	2.0 1.5 1.75 1.3 0.8	wisam	0	122	
135	Ulwa	12.93	-83.58	ulwa1239	Misumalpan	NEW	bata:ka	b a t aː k a	1 7 1 7 1 7	AXBYBZ	PATAKA	4	4.P.C 4.A.V 4.T.C 4.A.V 4.K.C 4.A.V	2.0 1.5 1.75 1.3 1.75 0.8	bataːka	0	124	
208	Miskito	15.1576	-84.2942	misk1235	Misumalpan	NEW	raya	r a j a	5 7 6 7	AXBZ	RAJA	3	3.R.C 3.A.V 3.J.C 3.A.V	2.0 1.5 1.75 0.8	raja	0	123	
30	Cacaopera	13.74	-88.11	caca1247	Misumalpan	NIGHT	iran	i r a n	7 5 7 4	XBYN	IRAN	1	1.I.V 1.R.C 1.A.V 1.N.c	1.5 1.75 1.3 0.8	iran	0	125	
82	Mayangna	14.13	-84.34	maya1285	Misumalpan	NIGHT	pukta	p u k t a	1 7 1 1 7	AXMBZ	PYKTA	2	2.P.C 2.Y.V 2.K.c 2.T.C 2.A.V	2.0 1.5 1.1 1.75 0.8	pukta	0	126	
134	Ulwa	12.93	-83.58	ulwa1239	Misumalpan	NIGHT	pukka	p u k a	1 7 1 7	AXBZ	PYKA	4	4.P.C 4.Y.V 4.K.C 4.A.V	2.0 1.5 1.75 0.8	puka	0	126	
209	Miskito	15.1576	-84.2942	misk1235	Misumalpan	NIGHT	timia	t i m i a	1 7 4 7 7	AXBYZ	TIMIA	3	3.T.C 3.I.V 3.M.C 3.I.V 3.A.V	2.0 1.5 1.75 1.3 0.8	timia	0	127	
28	Cacaopera	13.74	-88.11	caca1247	Misumalpan	NOSE	namn	n a m n	4 7 4 4	AXLN	NAMN	1	1.N.C 1.A.V 1.M.c 1.N.c	2.0 1.5 1.1 0.8	namn	0	128	n a m n - - -
80	Mayangna	14.13	-84.34	maya1285	Misumalpan	NOSE	nam	n a m	4 7 4	AXN	NAM	2	2.N.C 2.A.V 2.M.c	2.0 1.5 0.8	nam	0	128	n a m - - - -
132	Ulwa	12.93	-83.58	ulwa1239	Misumalpan	NOSE	nantak	n a n t a k	4 7 4 1 7 1	AXMBYN	NANTAK	4	4.N.C 4.A.V 4.N.c 4.T.C 4.A.V 4.K.c	2.0 1.5 1.1 1.75 1.3 0.8	nantak	0	128	n a - n t a k
210	Miskito	15.1576	-84.2942	misk1235	Misumalpan	NOSE	won_kakma	w o n + k a k m a	6 7 4 9 1 7 1 4 7	AXN_AXBCZ	WUN_KAKMA	3	3.W.C 3.U.V 3.N.c 3._._ 3.K.C 3.A.V 3.K.C 3.M.C 3.A.V	2.0 1.5 0.8 0.0 2.0 1.5 1.75 1.5 0.8	won+kakma	0	130	
211	Miskito	15.1576	-84.2942	misk1235	Misumalpan	NOT	apia	a p i a	7 1 7 7	XBYZ	APIA	3	3.A.V 3.P.C 3.I.V 3.A.V	1.5 1.75 1.3 0.8	apia	0	131	
50	Cacaopera	13.74	-88.11	caca1247	Misumalpan	OLD	uskam	u s k a m	7 3 1 7 4	XMBYN	YSKAM	1	1.Y.V 1.S.c 1.K.C 1.A.V 1.M.c	1.5 1.1 1.75 1.3 0.8	uskam	0	132	
102	Mayangna	14.13	-84.34	maya1285	Misumalpan	OLD	umani	u m a n i	7 4 7 4 7	XBYBZ	YMANI	2	2.Y.V 2.M.C 2.A.V 2.N.C 2.I.V	1.5 1.75 1.3 1.75 0.8	umani	0	133	
154	Ulwa	12.93	-83.58	ulwa1239	Misumalpan	OLD	umana	u m a n a	7 4 7 4 7	XBYBZ	YMANA	4	4.Y.V 4.M.C 4.A.V 4.N.C 4.A.V	1.5 1.75 1.3 1.75 0.8	umana	0	133	
47	Cacaopera	13.74	-88.11	caca1247	Misumalpan	ONE	bas	b a s	1 7 3	AXN	PAS	1	1.P.C 1.A.V 1.S.c	2.0 1.5 0.8	bas	0	135	b a s
99	Mayangna	14.13	-84.34	maya1285	Misumalpan	ONE	as	a s	7 3	XN	AS	2	2.A.V 2.S.c	1.5 0.8	as	0	135	- a s
151	Ulwa	12.93	-83.58	ulwa1239	Misumalpan	ONE	as	a s	7 3	XN	AS	4	4.A.V 4.S.c	1.5 0.8	as	0	135	- a s
212	Miskito	15.1576	-84.2942	misk1235	Misumalpan	ONE	kum	k u m	1 7 4	AXN	KYM	3	3.K.C 3.Y.V 3.M.c	2.0 1.5 0.8	kum	0	136	
213	Miskito	15.1576	-84.2942	misk1235	Misumalpan	RAIN (PRECIPITATION)	li	l i	5 7	AX	LI	3	3.L.C 3.I.V	2.0 1.5	li	1	137	
41	Cacaopera	13.74	-88.11	caca1247	Misumalpan	RED	lala	l a l a	5 7 5 7	AXBZ	LALA	1	1.L.C 1.A.V 1.L.C 1.A.V	2.0 1.5 1.75 0.8	lala	0	138	
93	Mayangna	14.13	-84.34	maya1285	Misumalpan	RED	pawni	p a w n i	1 7 6 4 7	AXMBZ	PAWNI	2	2.P.C 2.A.V 2.W.c 2.N.C 2.I.V	2.0 1.5 1.1 1.75 0.8	pawni	0	139	
145	Ulwa	12.93	-83.58	ulwa1239	Misumalpan	RED	pawka	p a w k a	1 7 6 1 7	AXMBZ	PAWKA	4	4.P.C 4.A.V 4.W.c 4.K.C 4.A.V	2.0 1.5 1.1 1.75 0.8	pawka	0	139	
214	Miskito	15.1576	-84.2942	misk1235	Misumalpan	RED	pauni	p a u n i	1 7 7 4 7	AXYBZ	PAYNI	3	3.P.C 3.A.V 3.Y.V 3.N.C 3.I.V	2.0 1.5 1.3 1.75 0.8	pauni	0	140	
215	Miskito	15.1576	-84.2942	misk1235	Misumalpan	ROOT	plamaya	p l a m a j a	1 5 7 4 7 6 7	ACXBYBZ	PLAMAJA	3	3.P.C 3.L.C 3.A.V 3.M.C 3.A.V 3.J.C 3.A.V	2.0 1.5 1.5 1.75 1.3 1.75 0.8	plamaja	0	141	
216	Miskito	15.1576	-84.2942	misk1235	Misumalpan	RUN	plapaia	p l a p a i a	1 5 7 1 7 7 7	ACXBYYZ	PLAPAIA	3	3.P.C 3.L.C 3.A.V 3.P.C 3.A.V 3.I.V 3.A.V	2.0 1.5 1.5 1.75 1.3 1.3 0.8	plapaia	0	142	
42	Cacaopera	13.74	-88.11	caca1247	Misumalpan	SALT	jabulu	j a b u l u	6 7 1 7 5 7	AXBYBZ	JAPYLY	1	1.J.C 1.A.V 1.P.C 1.Y.V 1.L.C 1.Y.V	2.0 1.5 1.75 1.3 1.75 0.8	jabulu	0	143	
94	Mayangna	14.13	-84.34	maya1285	Misumalpan	SALT	kuma	k u m a	1 7 4 7	AXBZ	KYMA	2	2.K.C 2.Y.V 2.M.C 2.A.V	2.0 1.5 1.75 0.8	kuma	0	144	
146	Ulwa	12.93	-83.58	ulwa1239	Misumalpan	SALT	kuma	k u m a	1 7 4 7	AXBZ	KYMA	4	4.K.C 4.Y.V 4.M.C 4.A.V	2.0 1.5 1.75 0.8	kuma	0	144	
2	Cacaopera	13.74	-88.11	caca1247	Misumalpan	SAND	kui	k u i	1 7 7	AXZ	KYI	1	1.K.C 1.Y.V 1.I.V	2.0 1.5 0.8	kui	0	145	
54	Mayangna	14.13	-84.34	maya1285	Misumalpan	SAND	kauhmak	k a u h m a k	1 7 7 3 4 7 1	AXYBCYN	KAYHMAK	2	2.K.C 2.A.V 2.Y.V 2.H.C 2.M.C 2.A.V 2.K.c	2.0 1.5 1.3 1.75 1.5 1.3 0.8	kauhmak	0	146	k a u h m a k
106	Ulwa	12.93	-83.58	ulwa1239	Misumalpan	SAND	ka:uhmak	k aː u h m a k	1 7 7 3 4 7 1	AXYBCYN	KAYHMAK	4	4.K.C 4.A.V 4.Y.V 4.H.C 4.M.C 4.A.V 4.K.c	2.0 1.5 1.3 1.75 1.5 1.3 0.8	kaːuhmak	0	146	k aː u h m a k
217	Miskito	15.1576	-84.2942	misk1235	Misumalpan	SAND	kabo_auya	k a b o + a u j a	1 7 1 7 9 7 7 6 7	AXBZ_XYBZ	KAPU_AYJA	3	3.K.C 3.A.V 3.P.C 3.U.V 3._._ 3.A.V 3.Y.V 3.J.C 3.A.V	2.0 1.5 1.75 0.8 0.0 1.5 1.3 1.75 0.8	kabo+auja	0	147	
14	Cacaopera	13.74	-88.11	caca1247	Misumalpan	SAY	na	n a	4 7	AX	NA	1	1.N.C 1.A.V	2.0 1.5	na	0	148	
66	Mayangna	14.13	-84.34	maya1285	Misumalpan	SAY	at	a t	7 1	XN	AT	2	2.A.V 2.T.c	1.5 0.8	at	0	151	
118	Ulwa	12.93	-83.58	ulwa1239	Misumalpan	SAY	at	a t	7 1	XN	AT	4	4.A.V 4.T.c	1.5 0.8	at	0	151	
218	Miskito	15.1576	-84.2942	misk1235	Misumalpan	SAY	wiaia	w i a i a	6 7 7 7 7	AXYYZ	WIAIA	3	3.W.C 3.I.V 3.A.V 3.I.V 3.A.V	2.0 1.5 1.3 1.3 0.8	wiaia	0	150	
49	Cacaopera	13.74	-88.11	caca1247	Misumalpan	SEE	la	l a	5 7	AX	LA	1	1.L.C 1.A.V	2.0 1.5	la	0	152	
101	Mayangna	14.13	-84.34	maya1285	Misumalpan	SEE	tal	t a l	1 7 5	AXN	TAL	2	2.T.C 2.A.V 2.L.c	2.0 1.5 0.8	tal	0	153	
153	Ulwa	12.93	-83.58	ulwa1239	Misumalpan	SEE	tal	t a l	1 7 5	AXN	TAL	4	4.T.C 4.A.V 4.L.c	2.0 1.5 0.8	tal	0	153	
219	Miskito	15.1576	-84.2942	misk1235	Misumalpan	SEE	kaikaia	k a i k a i a	1 7 7 1 7 7 7	AXYBYYZ	KAIKAIA	3	3.K.C 3.A.V 3.I.V 3.K.C 3.A.V 3.I.V 3.A.V	2.0 1.5 1.3 1.75 1.3 1.3 0.8	kaikaia	0	154	
220	Miskito	15.1576	-84.2942	misk1235	Misumalpan	SHADE	dista	d i s t a	1 7 3 1 7	AXMBZ	TISTA	3	3.T.C 3.I.V 3.S.c 3.T.C 3.A.V	2.0 1.5 1.1 1.75 0.8	dista	0	155	
221	Miskito	15.1576	-84.2942	misk1235	Misumalpan	SKIN	won_taya	w o n + t a j a	6 7 4 9 1 7 6 7	AXN_AXBZ	WUN_TAJA	3	3.W.C 3.U.V 3.N.c 3._._ 3.T.C 3.A.V 3.J.C 3.A.V	2.0 1.5 0.8 0.0 2.0 1.5 1.75 0.8	won+taja	0	156	
35	Cacaopera	13.74	-88.11	caca1247	Misumalpan	SMALL	tʃiki	tʃ i k i	1 7 1 7	AXBZ	TIKI	1	1.T.C 1.I.V 1.K.C 1.I.V	2.0 1.5 1.75 0.8	tʃiki	0	157	
87	Mayangna	14.13	-84.34	maya1285	Misumalpan	SMALL	bi-ni	b i + n i	1 7 9 4 7	AX_AX	PI_NI	2	2.P.C 2.I.V 2._._ 2.N.C 2.I.V	2.0 1.5 0.0 2.0 1.5	bi+ni	0	158	
139	Ulwa	12.93	-83.58	ulwa1239	Misumalpan	SMALL	ba-ka	b a + k a	1 7 9 1 7	AX_AX	PA_KA	4	4.P.C 4.A.V 4._._ 4.K.C 4.A.V	2.0 1.5 0.0 2.0 1.5	ba+ka	0	158	
222	Miskito	15.1576	-84.2942	misk1235	Misumalpan	SMALL	sirpi	s i r p i	3 7 5 1 7	AXMBZ	SIRPI	3	3.S.C 3.I.V 3.R.c 3.P.C 3.I.V	2.0 1.5 1.1 1.75 0.8	sirpi	0	159	
22	Cacaopera	13.74	-88.11	caca1247	Misumalpan	SMOKE (EXHAUST)	kiba	k i b a	1 7 1 7	AXBZ	KIPA	1	1.K.C 1.I.V 1.P.C 1.A.V	2.0 1.5 1.75 0.8	kiba	0	160	
74	Mayangna	14.13	-84.34	maya1285	Misumalpan	SMOKE (EXHAUST)	wajau	w a j a u	6 7 6 7 7	AXBYZ	WAJAY	2	2.W.C 2.A.V 2.J.C 2.A.V 2.Y.V	2.0 1.5 1.75 1.3 0.8	wajau	0	161	w a j a u
126	Ulwa	12.93	-83.58	ulwa1239	Misumalpan	SMOKE (EXHAUST)	waju	w a j u	6 7 6 7	AXBZ	WAJY	4	4.W.C 4.A.V 4.J.C 4.Y.V	2.0 1.5 1.75 0.8	waju	0	161	w a j u -
223	Miskito	15.1576	-84.2942	misk1235	Misumalpan	SMOKE (EXHAUST)	kiasma	k i a s m a	1 7 7 3 4 7	AXYBCZ	KIASMA	3	3.K.C 3.I.V 3.A.V 3.S.C 3.M.C 3.A.V	2.0 1.5 1.3 1.75 1.5 0.8	kiasma	0	162	
224	Miskito	15.1576	-84.2942	misk1235	Misumalpan	STAND	buaia	b u a i a	1 7 7 7 7	AXYYZ	PYAIA	3	3.P.C 3.Y.V 3.A.V 3.I.V 3.A.V	2.0 1.5 1.3 1.3 0.8	buaia	0	163	
225	Miskito	15.1576	-84.2942	misk1235	Misumalpan	STAR	slilma	s l i l m a	3 5 7 5 4 7	ACXMBZ	SLILMA	3	3.S.C 3.L.C 3.I.V 3.L.c 3.M.C 3.A.V	2.0 1.5 1.5 1.1 1.75 0.8	slilma	0	164	
226	Miskito	15.1576	-84.2942	misk1235	Misumalpan	SUCK	utbaia	u t b a i a	7 1 1 7 7 7	XMBYYZ	YTPAIA	3	3.Y.V 3.T.c 3.P.C 3.A.V 3.I.V 3.A.V	1.5 1.1 1.75 1.3 1.3 0.8	utbaia	0	165	
227	Miskito	15.1576	-84.2942	misk1235	Misumalpan	SWEET	damni	d a m n i	1 7 4 4 7	AXMBZ	TAMNI	3	3.T.C 3.A.V 3.M.c 3.N.C 3.I.V	2.0 1.5 1.1 1.75 0.8	damni	0	166	
10	Cacaopera	13.74	-88.11	caca1247	Misumalpan	TAIL	kuna	k u n a	1 7 4 7	AXBZ	KYNA	1	1.K.C 1.Y.V 1.N.C 1.A.V	2.0 1.5 1.75 0.8	kuna	0	167	
62	Mayangna	14.13	-84.34	maya1285	Misumalpan	TAIL	mamah	m a m a h	4 7 4 7 3	AXBYN	MAMAH	2	2.M.C 2.A.V 2.M.C 2.A.V 2.H.c	2.0 1.5 1.75 1.3 0.8	mamah	0	168	m a m a h
114	Ulwa	12.93	-83.58	ulwa1239	Misumalpan	TAIL	umah	u m a h	7 4 7 3	XBYN	YMAH	4	4.Y.V 4.M.C 4.A.V 4.H.c	1.5 1.75 1.3 0.8	umah	0	168	- u m a h
228	Miskito	15.1576	-84.2942	misk1235	Misumalpan	TAIL	wuaikai	w u a i k a i	6 7 7 7 1 7 7	AXYYBYZ	WYAIKAI	3	3.W.C 3.Y.V 3.A.V 3.I.V 3.K.C 3.A.V 3.I.V	2.0 1.5 1.3 1.3 1.75 1.3 0.8	wuaikai	0	169	
229	Miskito	15.1576	-84.2942	misk1235	Misumalpan	TAKE	alkaia	a l k a i a	7 5 1 7 7 7	XMBYYZ	ALKAIA	3	3.A.V 3.L.c 3.K.C 3.A.V 3.I.V 3.A.V	1.5 1.1 1.75 1.3 1.3 0.8	alkaia	0	170	
230	Miskito	15.1576	-84.2942	misk1235	Misumalpan	THICK	twakni	t w a k n i	1 6 7 1 4 7	ACXBCZ	TWAKNI	3	3.T.C 3.W.C 3.A.V 3.K.C 3.N.C 3.I.V	2.0 1.5 1.5 1.75 1.5 0.8	twakni	0	171	
16	Cacaopera	13.74	-88.11	caca1247	Misumalpan	THIS	irahi	i r a h i	7 5 7 3 7	XBYBZ	IRAHI	1	1.I.V 1.R.C 1.A.V 1.H.C 1.I.V	1.5 1.75 1.3 1.75 0.8	irahi	0	172	
68	Mayangna	14.13	-84.34	maya1285	Misumalpan	THIS	a:dika	aː d i k a	7 1 7 1 7	XBYBZ	ATIKA	2	2.A.V 2.T.C 2.I.V 2.K.C 2.A.V	1.5 1.75 1.3 1.75 0.8	aːdika	0	173	aː d i k a
120	Ulwa	12.93	-83.58	ulwa1239	Misumalpan	THIS	a:ka	aː k a	7 1 7	XBZ	AKA	4	4.A.V 4.K.C 4.A.V	1.5 1.75 0.8	aːka	0	173	aː - - k a
231	Miskito	15.1576	-84.2942	misk1235	Misumalpan	THIS	na	n a	4 7	AX	NA	3	3.N.C 3.A.V	2.0 1.5	na	0	174	
46	Cacaopera	13.74	-88.11	caca1247	Misumalpan	THOU	mani	m a n i	4 7 4 7	AXBZ	MANI	1	1.M.C 1.A.V 1.N.C 1.I.V	2.0 1.5 1.75 0.8	mani	0	177	m a n i
98	Mayangna	14.13	-84.34	maya1285	Misumalpan	THOU	man	m a n	4 7 4	AXN	MAN	2	2.M.C 2.A.V 2.N.c	2.0 1.5 0.8	man	0	177	m a n -
150	Ulwa	12.93	-83.58	ulwa1239	Misumalpan	THOU	man	m a n	4 7 4	AXN	MAN	4	4.M.C 4.A.V 4.N.c	2.0 1.5 0.8	man	0	177	m a n -
242	Miskito	15.1576	-84.2942	misk1235	Misumalpan	THOU	man	m a n	4 7 4	AXN	MAN	3	3.M.C 3.A.V 3.N.c	2.0 1.5 0.8	man	0	177	m a n -
232	Miskito	15.1576	-84.2942	misk1235	Misumalpan	TIE	wilkaia	w i l k a i a	6 7 5 1 7 7 7	AXMBYYZ	WILKAIA	3	3.W.C 3.I.V 3.L.c 3.K.C 3.A.V 3.I.V 3.A.V	2.0 1.5 1.1 1.75 1.3 1.3 0.8	wilkaia	0	178	
25	Cacaopera	13.74	-88.11	caca1247	Misumalpan	TONGUE	tum	t u m	1 7 4	AXN	TYM	1	1.T.C 1.Y.V 1.M.c	2.0 1.5 0.8	tum	0	179	t u m
77	Mayangna	14.13	-84.34	maya1285	Misumalpan	TONGUE	tu	t u	1 7	AX	TY	2	2.T.C 2.Y.V	2.0 1.5	tu	0	179	t u -
129	Ulwa	12.93	-83.58	ulwa1239	Misumalpan	TONGUE	tu	t u	1 7	AX	TY	4	4.T.C 4.Y.V	2.0 1.5	tu	0	179	t u -
233	Miskito	15.1576	-84.2942	misk1235	Misumalpan	TONGUE	won_twisa	w o n + t w i s a	6 7 4 9 1 6 7 3 7	AXN_ACXBZ	WUN_TWISA	3	3.W.C 3.U.V 3.N.c 3._._ 3.T.C 3.W.C 3.I.V 3.S.C 3.A.V	2.0 1.5 0.8 0.0 2.0 1.5 1.5 1.75 0.8	won+twisa	0	180	
15	Cacaopera	13.74	-88.11	caca1247	Misumalpan	TOOTH	nini	n i n i	4 7 4 7	AXBZ	NINI	1	1.N.C 1.I.V 1.N.C 1.I.V	2.0 1.5 1.75 0.8	nini	0	181	n i n i
67	Mayangna	14.13	-84.34	maya1285	Misumalpan	TOOTH	ana	a n a	7 4 7	XBZ	ANA	2	2.A.V 2.N.C 2.A.V	1.5 1.75 0.8	ana	0	181	- a n a
119	Ulwa	12.93	-83.58	ulwa1239	Misumalpan	TOOTH	ana	a n a	7 4 7	XBZ	ANA	4	4.A.V 4.N.C 4.A.V	1.5 1.75 0.8	ana	0	181	- a n a
234	Miskito	15.1576	-84.2942	misk1235	Misumalpan	TOOTH	won_napa	w o n + n a p a	6 7 4 9 4 7 1 7	AXN_AXBZ	WUN_NAPA	3	3.W.C 3.U.V 3.N.c 3._._ 3.N.C 3.A.V 3.P.C 3.A.V	2.0 1.5 0.8 0.0 2.0 1.5 1.75 0.8	won+napa	0	182	
200	Miskito	15.1576	-84.2942	misk1235	Misumalpan	UPPER LEG (THIGH)	won_kuxma	w o n + k u x m a	6 7 4 9 1 7 3 4 7	AXN_AXBCZ	WUN_KYGMA	3	3.W.C 3.U.V 3.N.c 3._._ 3.K.C 3.Y.V 3.G.C 3.M.C 3.A.V	2.0 1.5 0.8 0.0 2.0 1.5 1.75 1.5 0.8	won+kuxma	0	183	
1	Cacaopera	13.74	-88.11	caca1247	Misumalpan	WATER	li	l i	5 7	AX	LI	1	1.L.C 1.I.V	2.0 1.5	li	0	186	
53	Mayangna	14.13	-84.34	maya1285	Misumalpan	WATER	was	w a s	6 7 3	AXN	WAS	2	2.W.C 2.A.V 2.S.c	2.0 1.5 0.8	was	0	185	
105	Ulwa	12.93	-83.58	ulwa1239	Misumalpan	WATER	was	w a s	6 7 3	AXN	WAS	4	4.W.C 4.A.V 4.S.c	2.0 1.5 0.8	was	0	185	
235	Miskito	15.1576	-84.2942	misk1235	Misumalpan	WATER	li	l i	5 7	AX	LI	3	3.L.C 3.I.V	2.0 1.5	li	0	186	
39	Cacaopera	13.74	-88.11	caca1247	Misumalpan	WHAT	pi	p i	1 7	AX	PI	1	1.P.C 1.I.V	2.0 1.5	pi	0	187	
91	Mayangna	14.13	-84.34	maya1285	Misumalpan	WHAT	di	d i	1 7	AX	TI	2	2.T.C 2.I.V	2.0 1.5	di	1	188	
143	Ulwa	12.93	-83.58	ulwa1239	Misumalpan	WHAT	di	d i	1 7	AX	TI	4	4.T.C 4.I.V	2.0 1.5	di	1	188	
236	Miskito	15.1576	-84.2942	misk1235	Misumalpan	WHAT	ba	b a	1 7	AX	PA	3	3.P.C 3.A.V	2.0 1.5	ba	0	187	
237	Miskito	15.1576	-84.2942	misk1235	Misumalpan	WHO	ya	j a	6 7	AX	JA	3	3.J.C 3.A.V	2.0 1.5	ja	0	189	
238	Miskito	15.1576	-84.2942	misk1235	Misumalpan	WIDE	bila_tara	b i l a + t a r a	1 7 5 7 9 1 7 5 7	AXBZ_AXBZ	PILA_TARA	3	3.P.C 3.I.V 3.L.C 3.A.V 3._._ 3.T.C 3.A.V 3.R.C 3.A.V	2.0 1.5 1.75 0.8 0.0 2.0 1.5 1.75 0.8	bila+tara	0	190	
51	Cacaopera	13.74	-88.11	caca1247	Misumalpan	WIND	win	w i n	6 7 4	AXN	WIN	1	1.W.C 1.I.V 1.N.c	2.0 1.5 0.8	win	0	191	
103	Mayangna	14.13	-84.34	maya1285	Misumalpan	WIND	win	w i n	6 7 4	AXN	WIN	2	2.W.C 2.I.V 2.N.c	2.0 1.5 0.8	win	0	191	
155	Ulwa	12.93	-83.58	ulwa1239	Misumalpan	WIND	win	w i n	6 7 4	AXN	WIN	4	4.W.C 4.I.V 4.N.c	2.0 1.5 0.8	win	0	191	
240	Miskito	15.1576	-84.2942	misk1235	Misumalpan	WIND	pasa	p a s a	1 7 3 7	AXBZ	PASA	3	3.P.C 3.A.V 3.S.C 3.A.V	2.0 1.5 1.75 0.8	pasa	0	192	
239	Miskito	15.1576	-84.2942	misk1235	Misumalpan	WING	tnawa	t n a w a	1 4 7 6 7	ACXBZ	TNAWA	3	3.T.C 3.N.C 3.A.V 3.W.C 3.A.V	2.0 1.5 1.5 1.75 0.8	tnawa	0	193	
241	Miskito	15.1576	-84.2942	misk1235	Misumalpan	YESTERDAY	naxwala	n a xʷ a l a	4 7 3 7 5 7	AXBYBZ	NAGALA	3	3.N.C 3.A.V 3.G.C 3.A.V 3.L.C 3.A.V	2.0 1.5 1.75 1.3 1.75 0.8	naxʷala	0	194	
#@highlight=TOKENS
#@sampa=IPA|TOKENS
#@pinyin=
#@css=menu:show|database:hide
#@basics=ALIGNMENT|COGID|CONCEPT|DOCULECT|TOKENS
#@_selected_doculects=Cacaopera|Mayangna|Miskito|Ulwa
#@_selected_concepts=LAUGH
#@sorted_taxa=Cacaopera|Mayangna|Miskito|Ulwa
#@sorted_concepts=ANT|ASH|BACK|BIG|BIRD|BITE|BITTER|BLACK|BLOOD|BLOW (OF WIND)|BONE|BREAST|CARRY|COME|CRY|DOG|DRINK|EAR|EARTH (SOIL)|EAT|EGG|EYE|FALL|FAR|FIRE|FISH|FLY (INSECT)|GIVE|GO|GOOD|HAIR|HARD|HE OR SHE OR IT|HEAR|HEAVY|HIDE|HORN (ANATOMY)|HOUSE|I|IN|KNEE|KNOW|LAUGH|LEAF|LIVER|LONG|LOUSE|MOUTH|NAME|NAVEL|NECK|NEW|NIGHT|NOSE|NOT|OLD|ONE|RAIN (PRECIPITATION)|RED|ROOT|RUN|SALT|SAND|SAY|SEE|SHADE|SKIN|SMALL|SMOKE (EXHAUST)|STAND|STAR|SUCK|SWEET|TAIL|TAKE|THICK|THIS|THOU|TIE|TONGUE|TOOTH|UPPER LEG (THIGH)|WATER|WHAT|WHO|WIDE|WIND|WING|YESTERDAY
#@display=filedisplay|cognates
#@missing_marker=Ø
#@separator=	
#@gap_marker=-
#@formatter=COGID
#@root_formatter=false
#@note_formatter=undefined
#@pattern_formatter=undefined
#@publish=undefined
#@_almcol=ALIGNMENT
#@filename=misumalpam.tsv
#@navbar=true
#@_morphology_mode=full
